bowler,total_bowler,total_run,economy
MP Stoinis,562,869,9.277580071
M Prasidh Krishna,540,810,9
AS Rajpoot,567,844,8.931216931
BB Sran,516,767,8.918604651
DR Smith,557,825,8.886894075
AD Russell,1186,1743,8.817875211
HH Pandya,914,1340,8.796498906
Mohammed Shami,1408,2055,8.757102273
Mohammed Siraj,756,1101,8.738095238
JD Unadkat,1685,2447,8.713353116
